Workbook

Sheet Marks
A2: Daffodil International University
A3: Faculty of Engineering
A4: Department of Information and Communication Engineering
A5: Industrial Training / Internship - Mark Sheet and Outcome Attainment
A6: One row per student. Marks use the approved rubric 10.4.1-02 and are entered only by the evaluator who marked the work, with the actual date of marking (work marked now for an earlier semester shows today's date and is disclosed as such). Pre-filled rows come from the annex folder; course codes and full names must be confirmed.
A8: SL | B8: Semester | C8: Course code | D8: Student name | E8: ID | F8: Host organisation | G8: Att. (10) | H8: Tech (5) | I8: Quality (5) | J8: Comm. (5) | K8: Prof. (5) | L8: Team (5) | M8: Prob. (5) | N8: Init. (5) | O8: Report (5) | P8: Total (50) | Q8: Host evaluation (10.4.1-03) received? | R8: Integrity check (00-09) | S8: Use as annex sample? | T8: Marked by | U8: Date marked | V8: Notes
A9: 1 | B9: Summer 2024 | C9: [ICE 49_] | D9: Heya [full name] | E9: 203-50-038 | F9: Riseup Labs | P9: =IF(COUNT(G9:O9)=0,"",SUM(G9:O9)) | Q9: No | R9: To explain (00-07) | S9: [decide]
A10: 2 | B10: Summer 2024 | C10: [ICE 49_] | D10: Safayet Islam Safin | E10: 203-50-040 | F10: Riseup Labs | P10: =IF(COUNT(G10:O10)=0,"",SUM(G10:O10)) | Q10: No | R10: Clear | S10: [decide]
A11: 3 | B11: Summer 2024 | C11: [ICE 49_] | D11: Shahriar [full name] | E11: 203-50-041 | F11: Riseup Labs | P11: =IF(COUNT(G11:O11)=0,"",SUM(G11:O11)) | Q11: No | R11: Issue - identical test cases | S11: No
A12: 4 | B12: Summer 2024 | C12: [ICE 49_] | D12: Abrar Shahriar | E12: 203-50-045 | F12: Riseup Labs | P12: =IF(COUNT(G12:O12)=0,"",SUM(G12:O12)) | Q12: No | R12: To explain (00-07) | S12: [decide] | V12: Training certificate 24/06/2024 - 14/07/2024 only; no assessment file. Confirm whether this is the same student as row 3.
A13: 5 | B13: Summer 2024 | C13: [ICE 49_] | D13: Mohammad Sabbir Bhuiyan | E13: 211-50-051 | F13: Riseup Labs | P13: =IF(COUNT(G13:O13)=0,"",SUM(G13:O13)) | Q13: No | R13: Issue - sheet shows another student's name | S13: No
A14: 6 | B14: Summer 2024 | C14: [ICE 49_] | D14: Tawsif [full name] | E14: 211-50-054 | F14: Riseup Labs | P14: =IF(COUNT(G14:O14)=0,"",SUM(G14:O14)) | Q14: No | R14: Issue - identical work | S14: No
A15: 7 | B15: Summer 2024 | C15: [ICE 49_] | D15: Kazi Faiyaz Ahmed | E15: 211-50-057 | F15: Riseup Labs | P15: =IF(COUNT(G15:O15)=0,"",SUM(G15:O15)) | Q15: No | R15: Issue - identical work | S15: No
A16: 8 | B16: Spring 2025 | C16: ICE 496 | D16: Md. Awsaf Iqbal Chowdhury | E16: 213-50-066 | F16: Riseup Labs | P16: =IF(COUNT(G16:O16)=0,"",SUM(G16:O16)) | Q16: No | R16: Clear | S16: [decide] | V16: Report submitted 27/04/2025 to Wasif Zaman, SQA Team Lead, Riseup Labs.
P17: =IF(COUNT(G17:O17)=0,"",SUM(G17:O17))
P18: =IF(COUNT(G18:O18)=0,"",SUM(G18:O18))
P19: =IF(COUNT(G19:O19)=0,"",SUM(G19:O19))
P20: =IF(COUNT(G20:O20)=0,"",SUM(G20:O20))
P21: =IF(COUNT(G21:O21)=0,"",SUM(G21:O21))
P22: =IF(COUNT(G22:O22)=0,"",SUM(G22:O22))
P23: =IF(COUNT(G23:O23)=0,"",SUM(G23:O23))
P24: =IF(COUNT(G24:O24)=0,"",SUM(G24:O24))
P25: =IF(COUNT(G25:O25)=0,"",SUM(G25:O25))
P26: =IF(COUNT(G26:O26)=0,"",SUM(G26:O26))
P27: =IF(COUNT(G27:O27)=0,"",SUM(G27:O27))
P28: =IF(COUNT(G28:O28)=0,"",SUM(G28:O28))
... P46: =IF(COUNT(G46:O46)=0,"",SUM(G46:O46))

Sheet Attainment
A1: Criterion and PO attainment (formulas; threshold proposed: 60% of the criterion marks)
A2: Threshold | B2: 0.6
A3: Criterion | B3: Max marks | C3: PO [proposed] | D3: Students assessed | E3: Average % | F3: Students at or above threshold | G3: Attainment %
A4: Att. (10) | B4: 10 | C4: - | D4: =COUNT(Marks!G$9:G$46) | E4: =IFERROR(AVERAGE(Marks!G$9:G$46)/B4,"") | F4: =COUNTIF(Marks!G$9:G$46,">="&$B$2*B4) | G4: =IFERROR(F4/D4,"")
A5: Tech (5) | B5: 5 | C5: a, e | D5: =COUNT(Marks!H$9:H$46) | E5: =IFERROR(AVERAGE(Marks!H$9:H$46)/B5,"") | F5: =COUNTIF(Marks!H$9:H$46,">="&$B$2*B5) | G5: =IFERROR(F5/D5,"")
A6: Quality (5) | B6: 5 | C6: e | D6: =COUNT(Marks!I$9:I$46) | E6: =IFERROR(AVERAGE(Marks!I$9:I$46)/B6,"") | F6: =COUNTIF(Marks!I$9:I$46,">="&$B$2*B6) | G6: =IFERROR(F6/D6,"")
A7: Comm. (5) | B7: 5 | C7: j | D7: =COUNT(Marks!J$9:J$46) | E7: =IFERROR(AVERAGE(Marks!J$9:J$46)/B7,"") | F7: =COUNTIF(Marks!J$9:J$46,">="&$B$2*B7) | G7: =IFERROR(F7/D7,"")
A8: Prof. (5) | B8: 5 | C8: h | D8: =COUNT(Marks!K$9:K$46) | E8: =IFERROR(AVERAGE(Marks!K$9:K$46)/B8,"") | F8: =COUNTIF(Marks!K$9:K$46,">="&$B$2*B8) | G8: =IFERROR(F8/D8,"")
A9: Team (5) | B9: 5 | C9: i | D9: =COUNT(Marks!L$9:L$46) | E9: =IFERROR(AVERAGE(Marks!L$9:L$46)/B9,"") | F9: =COUNTIF(Marks!L$9:L$46,">="&$B$2*B9) | G9: =IFERROR(F9/D9,"")
A10: Prob. (5) | B10: 5 | C10: b | D10: =COUNT(Marks!M$9:M$46) | E10: =IFERROR(AVERAGE(Marks!M$9:M$46)/B10,"") | F10: =COUNTIF(Marks!M$9:M$46,">="&$B$2*B10) | G10: =IFERROR(F10/D10,"")
A11: Init. (5) | B11: 5 | C11: l | D11: =COUNT(Marks!N$9:N$46) | E11: =IFERROR(AVERAGE(Marks!N$9:N$46)/B11,"") | F11: =COUNTIF(Marks!N$9:N$46,">="&$B$2*B11) | G11: =IFERROR(F11/D11,"")
A12: Report (5) | B12: 5 | C12: j | D12: =COUNT(Marks!O$9:O$46) | E12: =IFERROR(AVERAGE(Marks!O$9:O$46)/B12,"") | F12: =COUNTIF(Marks!O$9:O$46,">="&$B$2*B12) | G12: =IFERROR(F12/D12,"")
A15: PO attainment (average of the criteria mapped to each PO)
A16: PO a | B16: =IFERROR(AVERAGEIF($C$4:$C$12,"*a*",$G$4:$G$12),"")
A17: PO b | B17: =IFERROR(AVERAGEIF($C$4:$C$12,"*b*",$G$4:$G$12),"")
A18: PO e | B18: =IFERROR(AVERAGEIF($C$4:$C$12,"*e*",$G$4:$G$12),"")
A19: PO h | B19: =IFERROR(AVERAGEIF($C$4:$C$12,"*h*",$G$4:$G$12),"")
A20: PO i | B20: =IFERROR(AVERAGEIF($C$4:$C$12,"*i*",$G$4:$G$12),"")
A21: PO j | B21: =IFERROR(AVERAGEIF($C$4:$C$12,"*j*",$G$4:$G$12),"")
A22: PO l | B22: =IFERROR(AVERAGEIF($C$4:$C$12,"*l*",$G$4:$G$12),"")
