Workbook

Sheet Marks
A2: Daffodil International University
A3: Faculty of Engineering
A4: Department of Information and Communication Engineering
A5: Industry Visits - Assessment Mark Sheet and Outcome Attainment
A6: One row per student per visit. Marks use the approved rubric in 10.4.3-04 and are entered by the faculty member who assessed the report, with the actual date of marking. Each visit must also appear in the visit register 10.4.3-05.
A8: SL | B8: Semester | C8: Visit date | D8: Company | E8: Course code | F8: Faculty in charge | G8: Student name | H8: ID | I8: Technical (5) | J8: Link to coursework (4) | K8: Society / safety (3) | L8: Report (4) | M8: Viva / quiz (4) | N8: Total (20) | O8: Assessed by | P8: Date marked | Q8: Notes
N9: =IF(COUNT(I9:M9)=0,"",SUM(I9:M9))
N10: =IF(COUNT(I10:M10)=0,"",SUM(I10:M10))
N11: =IF(COUNT(I11:M11)=0,"",SUM(I11:M11))
N12: =IF(COUNT(I12:M12)=0,"",SUM(I12:M12))
N13: =IF(COUNT(I13:M13)=0,"",SUM(I13:M13))
N14: =IF(COUNT(I14:M14)=0,"",SUM(I14:M14))
N15: =IF(COUNT(I15:M15)=0,"",SUM(I15:M15))
N16: =IF(COUNT(I16:M16)=0,"",SUM(I16:M16))
N17: =IF(COUNT(I17:M17)=0,"",SUM(I17:M17))
N18: =IF(COUNT(I18:M18)=0,"",SUM(I18:M18))
N19: =IF(COUNT(I19:M19)=0,"",SUM(I19:M19))
N20: =IF(COUNT(I20:M20)=0,"",SUM(I20:M20))
... N68: =IF(COUNT(I68:M68)=0,"",SUM(I68:M68))

Sheet Attainment
A1: Criterion and PO attainment (formulas; threshold proposed: 60% of the criterion marks)
A2: Threshold | B2: 0.6
A3: Criterion | B3: Max marks | C3: PO [proposed] | D3: Students assessed | E3: Average % | F3: Students at or above threshold | G3: Attainment %
A4: Technical (5) | B4: 5 | C4: a, e | D4: =COUNT(Marks!I$9:I$68) | E4: =IFERROR(AVERAGE(Marks!I$9:I$68)/B4,"") | F4: =COUNTIF(Marks!I$9:I$68,">="&$B$2*B4) | G4: =IFERROR(F4/D4,"")
A5: Link to coursework (4) | B5: 4 | C5: b | D5: =COUNT(Marks!J$9:J$68) | E5: =IFERROR(AVERAGE(Marks!J$9:J$68)/B5,"") | F5: =COUNTIF(Marks!J$9:J$68,">="&$B$2*B5) | G5: =IFERROR(F5/D5,"")
A6: Society / safety (3) | B6: 3 | C6: f, g | D6: =COUNT(Marks!K$9:K$68) | E6: =IFERROR(AVERAGE(Marks!K$9:K$68)/B6,"") | F6: =COUNTIF(Marks!K$9:K$68,">="&$B$2*B6) | G6: =IFERROR(F6/D6,"")
A7: Report (4) | B7: 4 | C7: j | D7: =COUNT(Marks!L$9:L$68) | E7: =IFERROR(AVERAGE(Marks!L$9:L$68)/B7,"") | F7: =COUNTIF(Marks!L$9:L$68,">="&$B$2*B7) | G7: =IFERROR(F7/D7,"")
A8: Viva / quiz (4) | B8: 4 | C8: l | D8: =COUNT(Marks!M$9:M$68) | E8: =IFERROR(AVERAGE(Marks!M$9:M$68)/B8,"") | F8: =COUNTIF(Marks!M$9:M$68,">="&$B$2*B8) | G8: =IFERROR(F8/D8,"")
A11: PO attainment (average of the criteria mapped to each PO)
A12: PO a | B12: =IFERROR(AVERAGEIF($C$4:$C$8,"*a*",$G$4:$G$8),"")
A13: PO b | B13: =IFERROR(AVERAGEIF($C$4:$C$8,"*b*",$G$4:$G$8),"")
A14: PO e | B14: =IFERROR(AVERAGEIF($C$4:$C$8,"*e*",$G$4:$G$8),"")
A15: PO f | B15: =IFERROR(AVERAGEIF($C$4:$C$8,"*f*",$G$4:$G$8),"")
A16: PO g | B16: =IFERROR(AVERAGEIF($C$4:$C$8,"*g*",$G$4:$G$8),"")
A17: PO j | B17: =IFERROR(AVERAGEIF($C$4:$C$8,"*j*",$G$4:$G$8),"")
A18: PO l | B18: =IFERROR(AVERAGEIF($C$4:$C$8,"*l*",$G$4:$G$8),"")
